{
	"textures": {
		"particle": "block/iron_bars",
		"texture": "block/iron_bars"
	},
	"elements": [
		{
			"name": "post",
			"from": [
				7,
				0,
				2
			],
			"to": [
				9,
				16,
				4
			],
			"faces": {
				"north": {
					"uv": [
						2,
						0,
						4,
						16
					],
					"texture": "#texture"
				},
				"east": {
					"uv": [
						4,
						0,
						2,
						16
					],
					"texture": "#texture"
				},
				"south": {
					"uv": [
						2,
						0,
						4,
						16
					],
					"texture": "#texture"
				},
				"west": {
					"uv": [
						4,
						0,
						2,
						16
					],
					"texture": "#texture"
				},
				"up": {
					"uv": [
						2,
						0,
						4,
						2
					],
					"texture": "#texture"
				},
				"down": {
					"uv": [
						2,
						14,
						4,
						16
					],
					"texture": "#texture"
				}
			}
		},
		{
			"name": "connecting_rod_upper",
			"from": [
				7.5,
				12,
				4
			],
			"to": [
				8.5,
				14,
				7
			],
			"faces": {
				"east": {
					"uv": [
						7,
						2,
						4,
						4
					],
					"texture": "#texture"
				},
				"west": {
					"uv": [
						4,
						2,
						7,
						4
					],
					"texture": "#texture"
				},
				"up": {
					"uv": [
						4,
						2,
						7,
						3
					],
					"rotation": 90,
					"texture": "#texture"
				},
				"down": {
					"uv": [
						4,
						3,
						7,
						4
					],
					"rotation": 270,
					"texture": "#texture"
				}
			}
		},
		{
			"name": "connecting_rod_lower",
			"from": [
				7.5,
				7,
				0
			],
			"to": [
				8.5,
				9,
				2
			],
			"faces": {
				"north": {
					"uv": [
						0,
						7,
						1,
						9
					],
					"texture": "#texture"
				},
				"east": {
					"uv": [
						2,
						7,
						1,
						9
					],
					"texture": "#texture"
				},
				"west": {
					"uv": [
						0,
						7,
						2,
						9
					],
					"texture": "#texture"
				},
				"up": {
					"uv": [
						0,
						7,
						2,
						8
					],
					"rotation": 90,
					"texture": "#texture"
				},
				"down": {
					"uv": [
						0,
						8,
						2,
						9
					],
					"rotation": 270,
					"texture": "#texture"
				}
			}
		}
	]
}