{
	"variants": {
		"facing=north,honey_level=0": {
			"model": "block/beehive"
		},
		"facing=south,honey_level=0": {
			"model": "block/beehive",
			"y": 180
		},
		"facing=west,honey_level=0": {
			"model": "block/beehive",
			"y": 270
		},
		"facing=east,honey_level=0": {
			"model": "block/beehive",
			"y": 90
		},
		"facing=north,honey_level=1": {
			"model": "block/beehive_honey_1"
		},
		"facing=south,honey_level=1": {
			"model": "block/beehive_honey_1",
			"y": 180
		},
		"facing=west,honey_level=1": {
			"model": "block/beehive_honey_1",
			"y": 270
		},
		"facing=east,honey_level=1": {
			"model": "block/beehive_honey_1",
			"y": 90
		},
		"facing=north,honey_level=2": {
			"model": "block/beehive_honey_2"
		},
		"facing=south,honey_level=2": {
			"model": "block/beehive_honey_2",
			"y": 180
		},
		"facing=west,honey_level=2": {
			"model": "block/beehive_honey_2",
			"y": 270
		},
		"facing=east,honey_level=2": {
			"model": "block/beehive_honey_2",
			"y": 90
		},
		"facing=north,honey_level=3": {
			"model": "block/beehive_honey_3"
		},
		"facing=south,honey_level=3": {
			"model": "block/beehive_honey_3",
			"y": 180
		},
		"facing=west,honey_level=3": {
			"model": "block/beehive_honey_3",
			"y": 270
		},
		"facing=east,honey_level=3": {
			"model": "block/beehive_honey_3",
			"y": 90
		},
		"facing=north,honey_level=4": {
			"model": "block/beehive_honey_4"
		},
		"facing=south,honey_level=4": {
			"model": "block/beehive_honey_4",
			"y": 180
		},
		"facing=west,honey_level=4": {
			"model": "block/beehive_honey_4",
			"y": 270
		},
		"facing=east,honey_level=4": {
			"model": "block/beehive_honey_4",
			"y": 90
		},
		"facing=north,honey_level=5": {
			"model": "block/beehive_honey_5"
		},
		"facing=south,honey_level=5": {
			"model": "block/beehive_honey_5",
			"y": 180
		},
		"facing=west,honey_level=5": {
			"model": "block/beehive_honey_5",
			"y": 270
		},
		"facing=east,honey_level=5": {
			"model": "block/beehive_honey_5",
			"y": 90
		}
	}
}
