{
	"variants": {
		"": [
			{
				"model": "minecraft:block/lily_pad"
			},
			{
				"model": "minecraft:block/lily_pad",
				"y": 90
			},
			{
				"model": "minecraft:block/lily_pad",
				"y": 180
			},
			{
				"model": "minecraft:block/lily_pad",
				"y": 270
			},
			{
				"model": "minecraft:block/lily_pad_2"
			},
			{
				"model": "minecraft:block/lily_pad_2",
				"y": 90
			},
			{
				"model": "minecraft:block/lily_pad_2",
				"y": 180
			},
			{
				"model": "minecraft:block/lily_pad_2",
				"y": 270
			}
		]
	}
}