{
	"variants": {
		"": [
			{
				"model": "minecraft:block/spruce_leaves"
			},
			{
				"model": "minecraft:block/spruce_leaves",
				"y": 90
			},
			{
				"model": "minecraft:block/spruce_leaves",
				"y": 180
			},
			{
				"model": "minecraft:block/spruce_leaves",
				"y": 270
			},
			{
				"model": "minecraft:block/spruce_leaves_mirrored"
			},
			{
				"model": "minecraft:block/spruce_leaves_mirrored",
				"y": 90
			},
			{
				"model": "minecraft:block/spruce_leaves_mirrored",
				"y": 180
			},
			{
				"model": "minecraft:block/spruce_leaves_mirrored",
				"y": 270
			}
		]
	}
}