{
	"variants": {
		"facing=east,half=bottom,open=false": {
			"model": "minecraft:block/spruce_trapdoor_bottom",
			"y": 270
		},
		"facing=east,half=bottom,open=true": {
			"model": "minecraft:block/spruce_trapdoor_open",
			"y": 90
		},
		"facing=east,half=top,open=false": {
			"model": "minecraft:block/spruce_trapdoor_top",
			"y": 90
		},
		"facing=east,half=top,open=true": {
			"model": "minecraft:block/spruce_trapdoor_open",
			"y": 90
		},
		"facing=north,half=bottom,open=false": {
			"model": "minecraft:block/spruce_trapdoor_bottom",
			"y": 180
		},
		"facing=north,half=bottom,open=true": {
			"model": "minecraft:block/spruce_trapdoor_open"
		},
		"facing=north,half=top,open=false": {
			"model": "minecraft:block/spruce_trapdoor_top"
		},
		"facing=north,half=top,open=true": {
			"model": "minecraft:block/spruce_trapdoor_open"
		},
		"facing=south,half=bottom,open=false": {
			"model": "minecraft:block/spruce_trapdoor_bottom"
		},
		"facing=south,half=bottom,open=true": {
			"model": "minecraft:block/spruce_trapdoor_open",
			"y": 180
		},
		"facing=south,half=top,open=false": {
			"model": "minecraft:block/spruce_trapdoor_top",
			"y": 180
		},
		"facing=south,half=top,open=true": {
			"model": "minecraft:block/spruce_trapdoor_open",
			"y": 180
		},
		"facing=west,half=bottom,open=false": {
			"model": "minecraft:block/spruce_trapdoor_bottom",
			"y": 90
		},
		"facing=west,half=bottom,open=true": {
			"model": "minecraft:block/spruce_trapdoor_open",
			"y": 270
		},
		"facing=west,half=top,open=false": {
			"model": "minecraft:block/spruce_trapdoor_top",
			"y": 270
		},
		"facing=west,half=top,open=true": {
			"model": "minecraft:block/spruce_trapdoor_open",
			"y": 270
		}
	}
}