{
	"textures": {
		"top": "block/bell_top",
		"bar": "block/bell_bar",
		"body": "entity/bell/bell_body",
		"particle": "item/bell"
	},
	"elements": [
		{
			"from": [
				4,
				0,
				4
			],
			"to": [
				12,
				2,
				12
			],
			"faces": {
				"north": {
					"uv": [
						0,
						10.5,
						4,
						11.5
					],
					"texture": "#body"
				},
				"east": {
					"uv": [
						4,
						10.5,
						8,
						11.5
					],
					"texture": "#body"
				},
				"south": {
					"uv": [
						8,
						10.5,
						12,
						11.5
					],
					"texture": "#body"
				},
				"west": {
					"uv": [
						12,
						10.5,
						16,
						11.5
					],
					"texture": "#body"
				},
				"up": {
					"uv": [
						0,
						0,
						8,
						8
					],
					"texture": "#top"
				},
				"down": {
					"uv": [
						4,
						6.5,
						8,
						10.5
					],
					"texture": "#body"
				}
			}
		},
		{
			"from": [
				5,
				2,
				5
			],
			"to": [
				11,
				9,
				11
			],
			"faces": {
				"north": {
					"uv": [
						0,
						3,
						3,
						6.5
					],
					"texture": "#body"
				},
				"east": {
					"uv": [
						3,
						3,
						6,
						6.5
					],
					"texture": "#body"
				},
				"south": {
					"uv": [
						6,
						3,
						9,
						6.5
					],
					"texture": "#body"
				},
				"west": {
					"uv": [
						9,
						3,
						12,
						6.5
					],
					"texture": "#body"
				},
				"up": {
					"uv": [
						3,
						0,
						6,
						3
					],
					"texture": "#body"
				},
				"down": {
					"uv": [
						4,
						6.5,
						8,
						10.5
					],
					"texture": "#body"
				}
			}
		},
		{
			"from": [
				7,
				9,
				7
			],
			"to": [
				9,
				11,
				9
			],
			"faces": {
				"north": {
					"uv": [
						7,
						0,
						9,
						2
					],
					"texture": "#bar"
				},
				"east": {
					"uv": [
						7,
						0,
						9,
						2
					],
					"texture": "#bar"
				},
				"south": {
					"uv": [
						7,
						0,
						9,
						2
					],
					"texture": "#bar"
				},
				"west": {
					"uv": [
						7,
						0,
						9,
						2
					],
					"texture": "#bar"
				},
				"up": {
					"uv": [
						7,
						0,
						9,
						2
					],
					"texture": "#bar"
				},
				"down": {
					"uv": [
						7,
						0,
						9,
						2
					],
					"texture": "#bar"
				}
			}
		}
	],
	"display": {
		"thirdperson_righthand": {
			"rotation": [
				66,
				0,
				0
			],
			"translation": [
				0,
				-3,
				-1.25
			],
			"scale": [
				0.75,
				0.75,
				0.75
			]
		},
		"thirdperson_lefthand": {
			"rotation": [
				66,
				0,
				0
			],
			"translation": [
				0,
				-3,
				-1.25
			],
			"scale": [
				0.75,
				0.75,
				0.75
			]
		},
		"firstperson_righthand": {
			"translation": [
				0,
				-0.5,
				0
			],
			"scale": [
				0.75,
				0.75,
				0.75
			]
		},
		"firstperson_lefthand": {
			"translation": [
				0,
				-0.5,
				0
			],
			"scale": [
				0.75,
				0.75,
				0.75
			]
		},
		"ground": {
			"translation": [
				0,
				2,
				0
			],
			"scale": [
				0.75,
				0.75,
				0.75
			]
		},
		"gui": {
			"rotation": [
				33,
				-45,
				0
			],
			"translation": [
				0,
				3.25,
				0
			]
		},
		"head": {
			"translation": [
				0,
				19,
				0
			],
			"scale": [
				1.85,
				1.85,
				1.85
			]
		},
		"fixed": {
			"translation": [
				0,
				3,
				0
			],
			"scale": [
				1.3,
				1.25,
				1.25
			]
		}
	}
}